verification_id,document_quality,ocr_confidence,face_similarity,tampering_probability,name_match,dob_match,id_format_valid,address_match,identity_consistency,risk_score,risk_category,data_type
VX-SYN-001,73.16,97.54,78.99,9.7,1,1,1,1,100.0,23.79,LOW_RISK,synthetic_training_data
VX-SYN-002,95.01,81.23,97.05,13.95,1,1,1,1,100.0,9.03,LOW_RISK,synthetic_training_data
VX-SYN-003,82.47,89.45,62.62,31.8,1,1,1,1,100.0,22.55,LOW_RISK,synthetic_training_data
VX-SYN-004,71.98,93.05,78.38,12.88,1,1,1,1,100.0,17.06,LOW_RISK,synthetic_training_data
VX-SYN-005,100.0,93.73,80.68,25.7,1,1,1,1,100.0,12.36,LOW_RISK,synthetic_training_data
VX-SYN-006,68.72,84.08,77.94,33.34,1,1,1,1,100.0,23.47,LOW_RISK,synthetic_training_data
VX-SYN-007,76.13,100.0,64.64,21.71,1,1,1,1,100.0,13.57,LOW_RISK,synthetic_training_data
VX-SYN-008,100.0,83.8,83.56,20.23,1,1,1,1,100.0,11.21,LOW_RISK,synthetic_training_data
VX-SYN-009,71.15,59.67,44.63,21.15,0,1,1,1,75.0,41.59,MANUAL_REVIEW,synthetic_training_data
VX-SYN-010,84.12,100.0,85.39,56.67,1,1,1,1,100.0,24.48,LOW_RISK,synthetic_training_data
VX-SYN-011,73.99,88.02,73.11,36.27,1,1,1,1,100.0,20.67,LOW_RISK,synthetic_training_data
VX-SYN-012,98.51,73.84,78.99,6.77,1,1,1,1,100.0,12.2,LOW_RISK,synthetic_training_data
VX-SYN-013,86.98,79.56,57.29,8.11,1,1,1,1,100.0,18.73,LOW_RISK,synthetic_training_data
VX-SYN-014,69.84,100.0,86.41,17.94,1,0,1,1,75.0,18.86,LOW_RISK,synthetic_training_data
VX-SYN-015,73.36,80.54,85.74,28.94,1,1,1,0,75.0,21.96,LOW_RISK,synthetic_training_data
VX-SYN-016,100.0,83.35,95.74,25.6,1,0,1,1,75.0,17.71,LOW_RISK,synthetic_training_data
VX-SYN-017,83.14,79.59,91.88,1.86,1,1,1,1,100.0,11.1,LOW_RISK,synthetic_training_data
VX-SYN-018,100.0,100.0,95.63,23.17,0,1,1,1,75.0,14.71,LOW_RISK,synthetic_training_data
VX-SYN-019,63.08,89.44,76.2,16.07,1,1,0,1,75.0,29.24,LOW_RISK,synthetic_training_data
VX-SYN-020,97.67,100.0,72.63,28.13,0,1,1,1,75.0,23.98,LOW_RISK,synthetic_training_data
VX-SYN-021,68.86,100.0,64.75,41.54,1,1,1,1,100.0,26.28,LOW_RISK,synthetic_training_data
VX-SYN-022,78.14,86.23,90.24,7.1,1,1,1,1,100.0,8.8,LOW_RISK,synthetic_training_data
VX-SYN-023,79.02,81.63,89.46,16.24,1,1,1,1,100.0,18.37,LOW_RISK,synthetic_training_data
VX-SYN-024,77.26,83.98,69.52,6.85,1,1,1,1,100.0,12.83,LOW_RISK,synthetic_training_data
VX-SYN-025,64.18,76.16,77.18,32.76,1,1,1,1,100.0,24.66,LOW_RISK,synthetic_training_data
VX-SYN-026,81.67,93.64,76.31,15.14,1,1,1,1,100.0,16.38,LOW_RISK,synthetic_training_data
VX-SYN-027,86.44,98.93,62.68,49.3,1,0,1,1,75.0,25.45,LOW_RISK,synthetic_training_data
VX-SYN-028,90.52,100.0,84.71,30.57,1,0,1,0,50.0,24.74,LOW_RISK,synthetic_training_data
VX-SYN-029,100.0,71.28,65.51,24.47,1,1,1,1,100.0,17.35,LOW_RISK,synthetic_training_data
VX-SYN-030,66.63,81.66,93.45,5.4,0,1,1,0,50.0,20.39,LOW_RISK,synthetic_training_data
VX-SYN-031,89.37,88.6,61.57,59.02,1,1,1,1,100.0,27.33,LOW_RISK,synthetic_training_data
VX-SYN-032,73.59,100.0,76.66,14.35,0,1,1,1,75.0,23.14,LOW_RISK,synthetic_training_data
VX-SYN-033,87.58,86.67,70.06,4.73,1,1,1,0,75.0,23.37,LOW_RISK,synthetic_training_data
VX-SYN-034,87.9,92.73,81.17,17.07,1,1,1,0,75.0,15.78,LOW_RISK,synthetic_training_data
VX-SYN-035,78.74,83.12,53.93,19.93,1,1,1,1,100.0,23.6,LOW_RISK,synthetic_training_data
VX-SYN-036,85.45,80.21,83.48,25.78,0,0,1,1,50.0,26.0,LOW_RISK,synthetic_training_data
VX-SYN-037,81.19,89.43,91.49,14.79,1,1,0,1,75.0,20.92,LOW_RISK,synthetic_training_data
VX-SYN-038,79.78,88.23,90.71,38.54,0,1,1,1,75.0,22.69,LOW_RISK,synthetic_training_data
VX-SYN-039,100.0,100.0,57.11,13.93,1,1,1,1,100.0,11.31,LOW_RISK,synthetic_training_data
VX-SYN-040,68.69,75.58,63.19,14.63,1,1,1,0,75.0,30.78,MANUAL_REVIEW,synthetic_training_data
VX-SYN-041,73.95,85.97,68.36,5.3,1,1,1,1,100.0,17.55,LOW_RISK,synthetic_training_data
VX-SYN-042,72.98,85.73,81.25,53.63,1,1,1,1,100.0,25.67,LOW_RISK,synthetic_training_data
VX-SYN-043,89.83,88.65,81.1,33.92,1,1,1,1,100.0,15.11,LOW_RISK,synthetic_training_data
VX-SYN-044,79.8,99.43,74.85,17.63,1,1,1,1,100.0,20.09,LOW_RISK,synthetic_training_data
VX-SYN-045,84.03,100.0,78.67,40.67,1,1,1,1,100.0,22.87,LOW_RISK,synthetic_training_data
VX-SYN-046,100.0,84.52,68.82,21.59,0,1,1,1,75.0,22.69,LOW_RISK,synthetic_training_data
VX-SYN-047,74.7,79.48,64.62,41.62,1,1,1,1,100.0,32.36,MANUAL_REVIEW,synthetic_training_data
VX-SYN-048,72.49,82.24,83.6,8.59,1,1,1,1,100.0,17.46,LOW_RISK,synthetic_training_data
VX-SYN-049,100.0,93.53,59.05,27.17,1,1,1,1,100.0,13.68,LOW_RISK,synthetic_training_data
VX-SYN-050,59.03,75.21,87.64,28.39,1,0,1,1,75.0,33.08,MANUAL_REVIEW,synthetic_training_data
VX-SYN-051,74.6,100.0,67.3,8.86,1,1,1,1,100.0,18.53,LOW_RISK,synthetic_training_data
VX-SYN-052,46.92,80.62,89.8,32.43,1,1,1,1,100.0,21.65,LOW_RISK,synthetic_training_data
VX-SYN-053,65.77,97.26,88.61,22.54,0,1,1,0,50.0,30.32,MANUAL_REVIEW,synthetic_training_data
VX-SYN-054,84.88,91.64,70.68,16.44,1,1,1,0,75.0,19.34,LOW_RISK,synthetic_training_data
VX-SYN-055,100.0,100.0,54.06,15.14,1,1,1,0,75.0,21.14,LOW_RISK,synthetic_training_data
VX-SYN-056,65.61,86.88,79.36,18.2,1,1,1,0,75.0,31.0,MANUAL_REVIEW,synthetic_training_data
VX-SYN-057,62.89,76.99,83.51,36.28,1,1,1,0,75.0,27.95,LOW_RISK,synthetic_training_data
VX-SYN-058,77.63,91.9,72.97,15.02,1,1,1,1,100.0,14.75,LOW_RISK,synthetic_training_data
VX-SYN-059,82.27,75.78,81.67,27.73,1,1,0,1,75.0,18.86,LOW_RISK,synthetic_training_data
VX-SYN-060,74.09,73.04,79.32,22.63,1,1,1,1,100.0,21.23,LOW_RISK,synthetic_training_data
VX-SYN-061,71.88,100.0,69.64,11.52,1,1,1,1,100.0,15.29,LOW_RISK,synthetic_training_data
VX-SYN-062,100.0,94.75,82.24,20.96,0,1,1,1,75.0,18.76,LOW_RISK,synthetic_training_data
VX-SYN-063,84.12,89.33,75.38,28.39,1,1,1,1,100.0,23.56,LOW_RISK,synthetic_training_data
VX-SYN-064,92.02,90.52,78.89,23.11,1,1,1,1,100.0,13.26,LOW_RISK,synthetic_training_data
VX-SYN-065,63.88,78.87,79.79,4.42,1,1,1,1,100.0,21.07,LOW_RISK,synthetic_training_data
VX-SYN-066,76.77,87.01,78.2,15.6,1,1,1,1,100.0,23.8,LOW_RISK,synthetic_training_data
VX-SYN-067,56.2,87.99,83.87,53.73,1,1,1,1,100.0,32.36,MANUAL_REVIEW,synthetic_training_data
VX-SYN-068,86.79,69.4,79.56,48.38,1,1,1,1,100.0,26.73,LOW_RISK,synthetic_training_data
VX-SYN-069,77.16,81.11,80.43,22.29,1,1,1,1,100.0,17.29,LOW_RISK,synthetic_training_data
VX-SYN-070,77.57,100.0,88.37,9.33,1,1,1,0,75.0,18.81,LOW_RISK,synthetic_training_data
VX-SYN-071,84.35,91.33,87.16,34.23,1,1,1,1,100.0,18.58,LOW_RISK,synthetic_training_data
VX-SYN-072,56.0,84.19,43.48,8.65,0,1,1,1,75.0,36.78,MANUAL_REVIEW,synthetic_training_data
VX-SYN-073,57.97,81.22,74.9,8.29,1,1,1,1,100.0,27.11,LOW_RISK,synthetic_training_data
VX-SYN-074,87.62,64.74,75.18,4.18,1,1,1,1,100.0,21.25,LOW_RISK,synthetic_training_data
VX-SYN-075,71.89,82.24,88.02,28.61,1,1,1,1,100.0,26.12,LOW_RISK,synthetic_training_data
VX-SYN-076,94.33,89.39,70.43,17.69,1,1,1,1,100.0,20.27,LOW_RISK,synthetic_training_data
VX-SYN-077,75.41,93.22,85.66,30.2,0,1,1,0,50.0,25.69,LOW_RISK,synthetic_training_data
VX-SYN-078,59.87,83.19,87.93,14.36,1,1,1,1,100.0,18.87,LOW_RISK,synthetic_training_data
VX-SYN-079,67.72,98.42,50.47,24.81,1,1,0,1,75.0,29.73,LOW_RISK,synthetic_training_data
VX-SYN-080,68.85,73.08,77.32,15.8,1,1,1,1,100.0,21.32,LOW_RISK,synthetic_training_data
VX-SYN-081,80.78,97.21,89.54,50.23,1,1,1,0,75.0,23.54,LOW_RISK,synthetic_training_data
VX-SYN-082,76.96,71.19,95.7,20.29,0,0,1,1,50.0,27.87,LOW_RISK,synthetic_training_data
VX-SYN-083,79.79,67.59,64.26,27.05,1,1,1,1,100.0,26.79,LOW_RISK,synthetic_training_data
VX-SYN-084,65.01,89.9,90.76,28.5,1,1,1,1,100.0,14.57,LOW_RISK,synthetic_training_data
VX-SYN-085,75.42,100.0,73.97,43.63,1,1,1,1,100.0,24.43,LOW_RISK,synthetic_training_data
VX-SYN-086,99.85,82.98,94.25,4.15,1,1,1,1,100.0,4.26,LOW_RISK,synthetic_training_data
VX-SYN-087,96.15,100.0,97.84,16.06,1,1,1,1,100.0,5.58,LOW_RISK,synthetic_training_data
VX-SYN-088,67.68,89.03,77.63,2.63,1,1,1,1,100.0,12.74,LOW_RISK,synthetic_training_data
VX-SYN-089,76.88,81.73,92.02,23.77,0,1,1,1,75.0,19.16,LOW_RISK,synthetic_training_data
VX-SYN-090,69.91,88.98,93.83,23.58,1,1,1,1,100.0,14.59,LOW_RISK,synthetic_training_data
VX-SYN-091,85.45,87.27,81.03,2.01,1,1,1,1,100.0,9.55,LOW_RISK,synthetic_training_data
VX-SYN-092,77.77,95.98,54.34,24.96,1,1,1,0,75.0,31.24,MANUAL_REVIEW,synthetic_training_data
VX-SYN-093,68.88,68.06,65.07,3.88,1,1,1,1,100.0,19.41,LOW_RISK,synthetic_training_data
VX-SYN-094,83.63,87.76,82.12,34.29,1,1,1,0,75.0,25.55,LOW_RISK,synthetic_training_data
VX-SYN-095,63.3,80.28,85.88,7.94,1,1,1,1,100.0,23.43,LOW_RISK,synthetic_training_data
VX-SYN-096,78.7,82.78,73.03,11.0,1,1,0,1,75.0,23.9,LOW_RISK,synthetic_training_data
VX-SYN-097,91.2,90.92,92.57,7.73,1,1,1,1,100.0,6.14,LOW_RISK,synthetic_training_data
VX-SYN-098,93.25,94.57,69.75,5.53,1,1,1,1,100.0,13.8,LOW_RISK,synthetic_training_data
VX-SYN-099,86.31,91.51,71.66,4.12,0,1,1,1,75.0,16.38,LOW_RISK,synthetic_training_data
VX-SYN-100,73.07,77.52,92.86,40.89,1,1,1,1,100.0,23.32,LOW_RISK,synthetic_training_data
VX-SYN-101,96.37,92.89,64.19,14.72,1,1,1,1,100.0,15.23,LOW_RISK,synthetic_training_data
VX-SYN-102,100.0,96.58,65.34,20.18,1,1,1,1,100.0,15.77,LOW_RISK,synthetic_training_data
VX-SYN-103,96.68,80.66,78.52,7.21,1,1,1,1,100.0,11.93,LOW_RISK,synthetic_training_data
VX-SYN-104,88.28,87.47,65.01,20.53,1,1,0,1,75.0,23.36,LOW_RISK,synthetic_training_data
VX-SYN-105,77.13,82.99,91.85,27.16,0,1,1,1,75.0,28.16,LOW_RISK,synthetic_training_data
VX-SYN-106,77.6,94.38,65.2,4.99,1,1,1,1,100.0,13.46,LOW_RISK,synthetic_training_data
VX-SYN-107,82.12,85.54,79.83,5.03,0,0,1,1,50.0,26.69,LOW_RISK,synthetic_training_data
VX-SYN-108,71.09,78.62,82.29,29.02,1,1,1,0,75.0,26.73,LOW_RISK,synthetic_training_data
VX-SYN-109,71.34,72.19,91.53,10.21,1,1,1,0,75.0,24.15,LOW_RISK,synthetic_training_data
VX-SYN-110,71.72,83.53,91.34,27.15,1,1,1,1,100.0,21.62,LOW_RISK,synthetic_training_data
VX-SYN-111,100.0,86.54,69.64,28.2,1,1,0,1,75.0,26.92,LOW_RISK,synthetic_training_data
VX-SYN-112,72.03,70.81,76.04,22.3,1,1,1,1,100.0,24.48,LOW_RISK,synthetic_training_data
VX-SYN-113,80.23,98.1,81.4,11.92,1,1,1,0,75.0,19.48,LOW_RISK,synthetic_training_data
VX-SYN-114,65.49,89.87,84.53,17.72,1,1,1,1,100.0,22.78,LOW_RISK,synthetic_training_data
VX-SYN-115,66.04,88.33,88.38,10.43,1,1,1,1,100.0,20.21,LOW_RISK,synthetic_training_data
VX-SYN-116,97.88,83.2,73.36,27.13,1,1,1,1,100.0,18.89,LOW_RISK,synthetic_training_data
VX-SYN-117,77.31,82.35,79.6,27.31,0,1,1,1,75.0,30.43,MANUAL_REVIEW,synthetic_training_data
VX-SYN-118,75.78,96.01,77.84,17.25,1,1,0,1,75.0,21.66,LOW_RISK,synthetic_training_data
VX-SYN-119,83.04,99.94,80.05,18.36,1,1,1,1,100.0,13.79,LOW_RISK,synthetic_training_data
VX-SYN-120,97.57,86.32,94.13,9.45,1,1,1,0,75.0,17.44,LOW_RISK,synthetic_training_data
